--
-- PostgreSQL database dump
--

-- Dumped from database version 15.0
-- Dumped by pg_dump version 15.0

-- Started on 2022-12-22 12:45:23

SET statement_timeout = 0;
SET lock_timeout = 0;
SET idle_in_transaction_session_timeout = 0;
SET client_encoding = 'UTF8';
SET standard_conforming_strings = on;
SELECT pg_catalog.set_config('search_path', '', false);
SET check_function_bodies = false;
SET xmloption = content;
SET client_min_messages = warning;
SET row_security = off;

SET default_tablespace = '';

SET default_table_access_method = heap;

--
-- TOC entry 219 (class 1259 OID 81921)
-- Name: comments; Type: TABLE; Schema: public; Owner: postgres
--

CREATE TABLE public.comments (
    id integer NOT NULL,
    postid integer NOT NULL,
    name character varying(255) NOT NULL,
    email character varying(255) NOT NULL,
    body text NOT NULL,
    "createdAt" timestamp with time zone DEFAULT now() NOT NULL,
    "updatedAt" timestamp with time zone DEFAULT now() NOT NULL,
    homepage character varying
);


ALTER TABLE public.comments OWNER TO postgres;

--
-- TOC entry 218 (class 1259 OID 81920)
-- Name: comments_id_seq; Type: SEQUENCE; Schema: public; Owner: postgres
--

CREATE SEQUENCE public.comments_id_seq
    AS integer
    START WITH 1
    INCREMENT BY 1
    NO MINVALUE
    NO MAXVALUE
    CACHE 1;


ALTER TABLE public.comments_id_seq OWNER TO postgres;

--
-- TOC entry 3351 (class 0 OID 0)
-- Dependencies: 218
-- Name: comments_id_seq; Type: SEQUENCE OWNED BY; Schema: public; Owner: postgres
--

ALTER SEQUENCE public.comments_id_seq OWNED BY public.comments.id;


--
-- TOC entry 217 (class 1259 OID 73731)
-- Name: posts; Type: TABLE; Schema: public; Owner: postgres
--

CREATE TABLE public.posts (
    id integer NOT NULL,
    userid integer NOT NULL,
    title character varying(255) NOT NULL,
    body character varying(255) NOT NULL,
    "createdAt" timestamp with time zone DEFAULT now() NOT NULL,
    "updatedAt" timestamp with time zone DEFAULT now() NOT NULL
);


ALTER TABLE public.posts OWNER TO postgres;

--
-- TOC entry 216 (class 1259 OID 73730)
-- Name: posts_id_seq; Type: SEQUENCE; Schema: public; Owner: postgres
--

CREATE SEQUENCE public.posts_id_seq
    AS integer
    START WITH 1
    INCREMENT BY 1
    NO MINVALUE
    NO MAXVALUE
    CACHE 1;


ALTER TABLE public.posts_id_seq OWNER TO postgres;

--
-- TOC entry 3352 (class 0 OID 0)
-- Dependencies: 216
-- Name: posts_id_seq; Type: SEQUENCE OWNED BY; Schema: public; Owner: postgres
--

ALTER SEQUENCE public.posts_id_seq OWNED BY public.posts.id;


--
-- TOC entry 215 (class 1259 OID 65541)
-- Name: users; Type: TABLE; Schema: public; Owner: postgres
--

CREATE TABLE public.users (
    id integer NOT NULL,
    name character varying(255) NOT NULL,
    username character varying(255) NOT NULL,
    email character varying(255) NOT NULL,
    phone character varying(255) NOT NULL,
    website character varying(255),
    avatar character varying(255) NOT NULL,
    "createdAt" timestamp with time zone DEFAULT now() NOT NULL,
    "updatedAt" timestamp with time zone DEFAULT now() NOT NULL
);


ALTER TABLE public.users OWNER TO postgres;

--
-- TOC entry 214 (class 1259 OID 65540)
-- Name: users_id_seq; Type: SEQUENCE; Schema: public; Owner: postgres
--

CREATE SEQUENCE public.users_id_seq
    AS integer
    START WITH 1
    INCREMENT BY 1
    NO MINVALUE
    NO MAXVALUE
    CACHE 1;


ALTER TABLE public.users_id_seq OWNER TO postgres;

--
-- TOC entry 3353 (class 0 OID 0)
-- Dependencies: 214
-- Name: users_id_seq; Type: SEQUENCE OWNED BY; Schema: public; Owner: postgres
--

ALTER SEQUENCE public.users_id_seq OWNED BY public.users.id;


--
-- TOC entry 3189 (class 2604 OID 81924)
-- Name: comments id; Type: DEFAULT; Schema: public; Owner: postgres
--

ALTER TABLE ONLY public.comments ALTER COLUMN id SET DEFAULT nextval('public.comments_id_seq'::regclass);


--
-- TOC entry 3186 (class 2604 OID 73734)
-- Name: posts id; Type: DEFAULT; Schema: public; Owner: postgres
--

ALTER TABLE ONLY public.posts ALTER COLUMN id SET DEFAULT nextval('public.posts_id_seq'::regclass);


--
-- TOC entry 3183 (class 2604 OID 65544)
-- Name: users id; Type: DEFAULT; Schema: public; Owner: postgres
--

ALTER TABLE ONLY public.users ALTER COLUMN id SET DEFAULT nextval('public.users_id_seq'::regclass);


--
-- TOC entry 3345 (class 0 OID 81921)
-- Dependencies: 219
-- Data for Name: comments; Type: TABLE DATA; Schema: public; Owner: postgres
--

COPY public.comments (id, postid, name, email, body, "createdAt", "updatedAt", homepage) FROM stdin;
75	98	affaf	afafaf@ddd	<p>adwad</p>	2022-12-12 13:08:41.36+02	2022-12-12 13:08:41.36+02	\N
77	44	TEST	TEST@hhhh	<p>sfgsef</p>	2022-12-12 23:30:07.895+02	2022-12-12 23:30:07.895+02	\N
81	98	TEST	TEST@hhhh	<p><u>sversvsv</u></p>	2022-12-12 23:43:31.541+02	2022-12-12 23:43:31.541+02	\N
85	98	TEST	TEST@hhhh	<p>nk.</p>	2022-12-13 12:05:38.084+02	2022-12-13 12:05:38.084+02	\N
89	46	ftr	tff@sd	<p>rtmgmhhmmmmmmmmmmmmm</p><p><br></p>	2022-12-13 13:11:10.745+02	2022-12-13 13:11:10.745+02	\N
100	52	TEST	TEST@hhhh	<p>ytgjgj</p>	2022-12-15 12:36:11.976+02	2022-12-15 12:36:11.976+02	\N
110	122	34444	wwww@dd	<p>req.body.body</p>	2022-12-20 21:05:01.302+02	2022-12-20 21:05:01.302+02	req.body.homepage
1	93	Eugen	pauleugen@gmail.com	 nnb.n.b	2022-12-07 06:08:11.267045+02	2022-12-07 06:08:11.267045+02	\N
9	2	provident id voluptas	Meghan_Littel@rene.us	sapiente assumenda molestiae atque\nadipisci laborum distinctio aperiam et ab ut omnis\net occaecati aspernatur odit sit rem expedita\nquas enim ipsam minus	2022-12-07 06:08:11.269763+02	2022-12-07 06:08:11.269763+02	\N
10	2	eaque et deleniti atque tenetur ut quo ut	Carmen_Keeling@caroline.name	voluptate iusto quis nobis reprehenderit ipsum amet nulla\nquia quas dolores velit et non\naut quia necessitatibus\nnostrum quaerat nulla et accusamus nisi facilis	2022-12-07 06:08:11.270486+02	2022-12-07 06:08:11.270486+02	\N
13	12	Yurii Sydorchuk	victance.3@gmail.com	123	2022-12-07 06:08:11.270952+02	2022-12-07 06:08:11.270952+02	\N
16	4	perferendis temporibus delectus optio ea eum ratione dolorum	Christine@ayana.info	iste ut laborum aliquid velit facere itaque\nquo ut soluta dicta voluptate\nerror tempore aut et\nsequi reiciendis dignissimos expedita consequuntur libero sed fugiat facilis	2022-12-07 06:08:11.271372+02	2022-12-07 06:08:11.271372+02	\N
153	31	dolorum et dolorem optio in provident	Aleen@tania.biz	et cumque error pariatur\nquo doloribus corrupti voluptates ad voluptatem consequatur voluptas dolores\npariatur at quas iste repellat et sed quasi\nea maiores rerum aut earum	2022-12-07 06:08:11.271812+02	2022-12-07 06:08:11.271812+02	\N
176	36	ipsam deleniti incidunt repudiandae voluptatem maxime provident non dolores	Esther@ford.me	quam culpa fugiat\nrerum impedit ratione vel ipsam rem\ncommodi qui rem eum\nitaque officiis omnis ad	2022-12-07 06:08:11.272239+02	2022-12-07 06:08:11.272239+02	\N
177	36	ab cupiditate blanditiis ea sunt	Naomie_Cronin@rick.co.uk	ut facilis sapiente\nquia repellat autem et aut delectus sint\nautem nulla debitis\nomnis consequuntur neque	2022-12-07 06:08:11.272675+02	2022-12-07 06:08:11.272675+02	\N
179	36	et iure ex rerum qui	Thea@aurelio.org	non saepe ipsa velit sunt\ntotam ipsum optio voluptatem\nnesciunt qui iste eum\net deleniti ullam	2022-12-07 06:08:11.273153+02	2022-12-07 06:08:11.273153+02	\N
180	36	autem tempora a iusto eum aut voluptatum	Carolyn@eloisa.biz	recusandae temporibus nihil non alias consequatur\nlibero voluptatem sed soluta accusamus\na qui reiciendis officiis ad\nquia laborum libero et rerum voluptas sed ut et	2022-12-07 06:08:11.273564+02	2022-12-07 06:08:11.273564+02	\N
186	38	voluptas distinctio qui similique quasi voluptatem non sit	Yasmin.Prohaska@hanna.co.uk	asperiores eaque error sunt ut natus et omnis\nexpedita error iste vitae\nsit alias voluptas voluptatibus quia iusto quia ea\nenim facere est quam ex	2022-12-07 06:08:11.274124+02	2022-12-07 06:08:11.274124+02	\N
187	38	maiores iste dolor itaque nemo voluptas	Ursula.Kirlin@eino.org	et enim necessitatibus velit autem magni voluptas\nat maxime error sunt nobis sit\ndolor beatae harum rerum\ntenetur facere pariatur et perferendis voluptas maiores nihil eaque	2022-12-07 06:08:11.274587+02	2022-12-07 06:08:11.274587+02	\N
188	38	quisquam quod quia nihil animi minima facere odit est	Nichole_Bartoletti@mozell.me	quam magni adipisci totam\nut reprehenderit ut tempore non asperiores repellendus architecto aperiam\ndignissimos est aut reiciendis consectetur voluptate nihil culpa at\nmolestiae labore qui ea	2022-12-07 06:08:11.275014+02	2022-12-07 06:08:11.275014+02	\N
189	38	ut iusto asperiores delectus	Lottie_Wyman@jasen.biz	nostrum excepturi debitis cum\narchitecto iusto laudantium odit aut dolor voluptatem consectetur nulla\nmollitia beatae autem quasi nemo repellendus ut ea et\naut architecto odio cum quod optio	2022-12-07 06:08:11.275417+02	2022-12-07 06:08:11.275417+02	\N
190	38	dignissimos voluptatibus libero	Dominique_Hermann@paige.ca	laudantium vero similique eum\niure iste culpa praesentium\nmolestias doloremque alias et at doloribus\naperiam natus est illo quo ratione porro excepturi	2022-12-07 06:08:11.27583+02	2022-12-07 06:08:11.27583+02	\N
200	200	3424234 42342342	12345@gmail.com	123	2022-12-07 06:08:11.276213+02	2022-12-07 06:08:11.276213+02	\N
276	56	inventore amet ut debitis ipsam reiciendis molestiae autem sed	Matt.Moen@gilda.org	dolores tempora totam quas maxime voluptatem voluptas excepturi\nrecusandae quis odio exercitationem in\nconsectetur sed aut\nexcepturi eligendi sint consectetur repellendus aperiam	2022-12-07 06:08:11.276731+02	2022-12-07 06:08:11.276731+02	\N
277	56	dolorem aut ipsum alias ex ea quidem nostrum	Rocky_Ullrich@rowena.name	nihil ratione aliquam recusandae ipsa sunt doloribus labore molestiae\nofficia cum aliquid repudiandae et error\ninventore minima optio repellat aut\nea et maxime alias voluptas eius	2022-12-07 06:08:11.277183+02	2022-12-07 06:08:11.277183+02	\N
278	56	est pariatur similique quod voluptas et consequuntur nam molestiae	Natalia@caitlyn.ca	corporis perferendis dolorum error quo rerum aut odio veritatis\nsit deleniti aut eligendi quam doloremque aut ipsam sint\ndoloribus id voluptatem esse reprehenderit molestiae quia voluptatem\nincidunt illo beatae nihil corporis ...	2022-12-07 06:08:11.277627+02	2022-12-07 06:08:11.277627+02	\N
279	56	voluptas nihil aut dolor adipisci non	Edythe@general.org	natus atque ipsum voluptatem et\nnecessitatibus atque quia asperiores animi odit ratione quos\nest repellendus sit aut repudiandae animi aut\ncum blanditiis repudiandae saepe laborum	2022-12-07 06:08:11.278037+02	2022-12-07 06:08:11.278037+02	\N
23198	6	Andrii Nychaiuk	anichajuk@gmail.com	ut aspernatu	2022-12-07 06:08:11.302224+02	2022-12-07 06:08:11.302224+02	\N
280	56	culpa minima non consequatur sit autem quas sed ipsam	Aglae@gerardo.name	perferendis fugit expedita cumque\nexercitationem animi fugit aut earum\nnihil quia illum eum dicta ut\nquam commodi optio	2022-12-07 06:08:11.278491+02	2022-12-07 06:08:11.278491+02	\N
297	60	dignissimos dolor facere	Norma@abraham.co.uk	eos exercitationem est ut voluptas accusamus qui\nvelit rerum ut\ndolorem eaque omnis eligendi mollitia\natque ea architecto dolorum delectus accusamus	2022-12-07 06:08:11.279861+02	2022-12-07 06:08:11.279861+02	\N
298	60	ipsam ut labore voluptatem quis id velit sunt	Norberto_Weimann@ford.tv	molestiae accusantium a tempore occaecati qui sunt optio eos\nexercitationem quas eius voluptatem\nomnis quibusdam autem\nmolestiae odio dolor quam laboriosam mollitia in quibusdam sunt	2022-12-07 06:08:11.280315+02	2022-12-07 06:08:11.280315+02	\N
299	60	laborum asperiores nesciunt itaque	Nelson@charlene.biz	voluptatem omnis pariatur aut saepe enim qui\naut illo aut sed aperiam expedita debitis\ntempore animi dolorem\nut libero et eos unde ex	2022-12-07 06:08:11.280693+02	2022-12-07 06:08:11.280693+02	\N
329	66	quasi beatae sapiente voluptates quo temporibus	Corbin.Hilll@modesto.biz	nulla corrupti delectus est cupiditate explicabo facere\nsapiente quo id quis illo culpa\nut aut sit error magni atque asperiores soluta\naut cumque voluptatem occaecati omnis aliquid	2022-12-07 06:08:11.281093+02	2022-12-07 06:08:11.281093+02	\N
330	66	illo ab quae deleniti	Kenyatta@renee.io	dolores tenetur rerum et aliquam\nculpa officiis ea rem neque modi quaerat deserunt\nmolestias minus nesciunt iusto impedit enim laborum perferendis\nvelit minima itaque voluptatem fugiat	2022-12-07 06:08:11.281465+02	2022-12-07 06:08:11.281465+02	\N
366	74	aperiam ut deserunt minus quo dicta nisi	Pablo.Ritchie@tyrique.co.uk	explicabo perspiciatis quae sit qui nulla incidunt facilis\nrepudiandae perspiciatis voluptate expedita sunt consectetur quasi\nid occaecati nesciunt dolorem aliquid perspiciatis repellat inventore esse\nut possimus exercitationem facere modi	2022-12-07 06:08:11.281866+02	2022-12-07 06:08:11.281866+02	\N
367	74	praesentium eos quam eius optio eveniet	Sebastian_Gaylord@freda.org	nostrum modi et et dolores maxime facere\nalias doloribus eaque expedita et similique voluptatum magnam est\nomnis eos voluptatem\net unde fugit voluptatem asperiores	2022-12-07 06:08:11.28226+02	2022-12-07 06:08:11.28226+02	\N
368	74	fugiat aliquid sint	Lazaro@nadia.ca	est dolor eveniet\nest minus eveniet recusandae\niure quo aut eos ut sed ipsa\nharum earum aut nesciunt non dolores	2022-12-07 06:08:11.282737+02	2022-12-07 06:08:11.282737+02	\N
369	74	qui incidunt vel iusto eligendi amet quia qui	Jessy.Boyle@vernice.biz	qui fugit accusamus\net quo minus cumque hic adipisci\nodio blanditiis omnis et est\narchitecto et facilis inventore quasi provident quaerat ex rem	2022-12-07 06:08:11.283156+02	2022-12-07 06:08:11.283156+02	\N
370	74	libero vero voluptatum sed facilis quos aut reprehenderit ad	Mitchel@hal.co.uk	beatae hic est et deserunt eius\ncorrupti quam ut commodi sit modi est corporis animi\nharum ut est\naperiam non fugit excepturi quo tenetur totam	2022-12-07 06:08:11.283629+02	2022-12-07 06:08:11.283629+02	\N
376	76	dolorem qui architecto provident	Raphaelle@miller.com	sint qui aut aspernatur necessitatibus\nlaboriosam autem occaecati nostrum non\nofficiis consequuntur odit\net itaque quam placeat aut molestiae saepe veniam provident	2022-12-07 06:08:11.284+02	2022-12-07 06:08:11.284+02	\N
377	76	nemo hic sapiente placeat quidem omnis	Jaren.Schiller@augusta.org	sint fugit et\nid et saepe non molestiae sit earum doloremque\ndolorem nemo earum dignissimos ipsa soluta deleniti quos\nquis numquam ducimus sed corporis dolores sed quisquam suscipit	2022-12-07 06:08:11.284352+02	2022-12-07 06:08:11.284352+02	\N
378	76	vitae aut perspiciatis quia enim voluptas	Nikko_Reynolds@harry.me	est molestiae non fugiat voluptatem quo porro\naut praesentium ipsam aspernatur perferendis fuga\nofficia sit ut\naspernatur rerum est	2022-12-07 06:08:11.284765+02	2022-12-07 06:08:11.284765+02	\N
379	76	est qui quos exercitationem	Afton.Medhurst@mina.info	laboriosam quia animi ut\nquasi aut enim sequi numquam similique fugiat voluptatum non\nsed velit quod nisi id quidem\nmagni in eveniet hic	2022-12-07 06:08:11.285167+02	2022-12-07 06:08:11.285167+02	\N
386	78	temporibus minus debitis deleniti repellat unde eveniet	Alexandre@derrick.co.uk	et dicta dolores sit\nrepudiandae id harum temporibus\nvoluptas quia blanditiis numquam a enim quae\nquisquam assumenda nam doloribus vel temporibus distinctio eveniet dolores	2022-12-07 06:08:11.285538+02	2022-12-07 06:08:11.285538+02	\N
391	79	sed ratione nesciunt odit expedita	Corene_Mante@rory.com	aut repellat tenetur delectus eaque est nihil consequatur quae\ndeleniti assumenda voluptates sit sit cupiditate maiores\nautem suscipit sint tenetur dolor tempore\ndolorem dolorum alias adipisci	2022-12-07 06:08:11.285909+02	2022-12-07 06:08:11.285909+02	\N
392	79	rerum officiis qui quaerat omnis dolorem iure est repudiandae	Emily_Flatley@ephraim.name	aut aut ea ut repudiandae ea assumenda laboriosam\nsunt qui laboriosam dicta omnis sit corporis\nvoluptas eos amet quam quisquam officiis facilis laborum\nvoluptatibus accusantium ab aliquid sed id doloremque	2022-12-07 06:08:11.286276+02	2022-12-07 06:08:11.286276+02	\N
393	79	illo quis nostrum accusantium architecto et aliquam ratione	Donna@frederik.com	et quia explicabo\nut hic commodi quas provident aliquam nihil\nvitae in voluptatem commodi\nvero velit optio omnis accusamus corrupti voluptatem	2022-12-07 06:08:11.286661+02	2022-12-07 06:08:11.286661+02	\N
67	93	WWWWW	wwww@aaa	<p><strong>sefgsefsf<span class="ql-cursor">﻿</span></strong></p>	2022-12-12 12:41:30.791+02	2022-12-12 12:41:30.791+02	\N
420	84	aut recusandae a sit voluptas explicabo nam et	Aylin@abigale.me	voluptas cum eum minima rem\ndolorem et nemo repellendus voluptatem sit\nrepudiandae nulla qui recusandae nobis\nblanditiis perspiciatis dolor ipsam reprehenderit odio	2022-12-07 06:08:11.28775+02	2022-12-07 06:08:11.28775+02	\N
424	85	molestiae dolores itaque dicta earum eligendi dolores	Jonathon_Feest@maxime.io	ducimus hic ea velit\ndolorum soluta voluptas similique rerum\ndolorum sint maxime et vel\nvoluptatum nesciunt et id consequatur earum sed	2022-12-07 06:08:11.288085+02	2022-12-07 06:08:11.288085+02	\N
426	86	deleniti tempora non quia et aut	Shany@daisha.biz	reiciendis consequatur sunt atque quisquam ut sed iure\nconsequatur laboriosam dicta odio\nquas cumque iure blanditiis ad sed ullam dignissimos\nsunt et exercitationem saepe	2022-12-07 06:08:11.288398+02	2022-12-07 06:08:11.288398+02	\N
430	86	sint ullam alias et at et	Marilou_Halvorson@kane.io	debitis ut maiores ut harum sed voluptas\nquae amet eligendi quo quidem odit atque quisquam animi\nut autem est corporis et\nsed tempora facere corrupti magnam	2022-12-07 06:08:11.288739+02	2022-12-07 06:08:11.288739+02	\N
431	87	velit incidunt ut accusantium odit maiores quaerat	Bernie.Schoen@seamus.co.uk	voluptas minus fugiat vel\nest quos soluta et veniam quia incidunt unde ut\nlaborum odio in eligendi distinctio odit repellat\nnesciunt consequatur blanditiis cupiditate consequatur at et	2022-12-07 06:08:11.289066+02	2022-12-07 06:08:11.289066+02	\N
436	88	ea illo ab et maiores eaque non nobis	Selena.Quigley@johan.co.uk	sit non facilis commodi sapiente officiis aut facere libero\nsed voluptatum eligendi veniam velit explicabo\nsint laborum sunt reprehenderit dolore id nobis accusamus\nfugit voluptatem magni dolor qui dolores ipsa	2022-12-07 06:08:11.289744+02	2022-12-07 06:08:11.289744+02	\N
76	98	TEST	TEST@hhhh	<p>drd</p>	2022-12-12 13:15:29.484+02	2022-12-12 13:15:29.484+02	\N
82	52	TEST	TEST@hhhh	<p><a href="sdvsvsddvs" rel="noopener noreferrer" target="_blank">sdvsvsddvs</a></p>	2022-12-12 23:44:22.317+02	2022-12-12 23:44:22.317+02	\N
86	98	hh,	hggg@ddd	<p>dgrg</p>	2022-12-13 12:05:54.945+02	2022-12-13 12:05:54.945+02	\N
97	44	TEST	TEST@hhhh	<p>ddd</p>	2022-12-15 12:33:06.883+02	2022-12-15 12:33:06.883+02	\N
101	44	TEST	TEST@hhhh	<p>aewfsa</p>	2022-12-15 12:37:40.259+02	2022-12-15 12:37:40.259+02	\N
108	51	FFFFFFFF	fff@fff	<p>fffffff</p><br>	2022-12-17 21:45:46.588+02	2022-12-17 21:45:46.588+02	fff.fff.
111	122	34444	wwww@dd	<p>req.body.body</p>	2022-12-20 21:05:44.314+02	2022-12-20 21:05:44.314+02	req.body.homepage
437	88	magni asperiores in cupiditate	Clifton_Boehm@jacynthe.io	suscipit ab qui eos et commodi\nquas ad maiores repellat laboriosam voluptatem exercitationem\nquibusdam ullam ratione nulla\nquia iste error dolorem consequatur beatae temporibus fugit	2022-12-07 06:08:11.290117+02	2022-12-07 06:08:11.290117+02	\N
442	89	sed molestias sit voluptatibus sit aut alias sunt inventore	Salma@francis.net	velit ut incidunt accusantium\nsuscipit animi officia iusto\nnemo omnis sunt nobis repellendus corporis\nconsequatur distinctio dolorem	2022-12-07 06:08:11.290895+02	2022-12-07 06:08:11.290895+02	\N
443	89	illum pariatur aliquam esse nisi voluptas quisquam ea	Orlando_Dickinson@vern.org	reiciendis et distinctio qui totam non aperiam voluptas\nveniam in dolorem pariatur itaque\nvoluptas adipisci velit\nqui voluptates voluptas ut ullam veritatis repudiandae	2022-12-07 06:08:11.2912+02	2022-12-07 06:08:11.2912+02	\N
444	89	incidunt aut qui quis est sit corporis pariatur qui	Elda@orval.name	eligendi labore aut non modi vel facere qui\naccusamus qui maxime aperiam\ntotam et non ut repudiandae eum corrupti pariatur quia\nnecessitatibus et adipisci ipsa consequuntur enim et nihil vero	2022-12-07 06:08:11.291546+02	2022-12-07 06:08:11.291546+02	\N
445	89	temporibus adipisci eveniet libero ullam	Dennis@karley.net	est consequuntur cumque\nquo dolorem at ut dolores\nconsequatur quia voluptates reiciendis\nvel rerum id et	2022-12-07 06:08:11.291888+02	2022-12-07 06:08:11.291888+02	\N
446	90	dicta excepturi aut est dolor ab dolores rerum	Jedediah@mason.io	cum fugit earum vel et nulla et voluptatem\net ipsam aut\net nihil officia nemo eveniet accusamus\nnulla aut impedit veritatis praesentium	2022-12-07 06:08:11.292226+02	2022-12-07 06:08:11.292226+02	\N
447	90	molestiae qui quod quo	Maryam@jack.name	rerum omnis voluptatem harum aliquid voluptas accusamus\neius dicta animi\nodio non quidem voluptas tenetur\nnostrum deserunt laudantium culpa dolorum	2022-12-07 06:08:11.292709+02	2022-12-07 06:08:11.292709+02	\N
448	90	pariatur consequatur sit commodi aliquam	Rick@carlos.tv	odio maxime beatae ab labore rerum\nalias ipsa nam est nostrum\net debitis aut\nab molestias assumenda eaque repudiandae	2022-12-07 06:08:11.293302+02	2022-12-07 06:08:11.293302+02	\N
450	90	dolorem corporis facilis et	Adolph.Hayes@isobel.biz	et provident quo necessitatibus harum excepturi\nsed est ut sed est doloremque labore quod\nquia optio explicabo adipisci magnam doloribus\nveritatis illo aut est inventore	2022-12-07 06:08:11.294209+02	2022-12-07 06:08:11.294209+02	\N
470	94	deleniti vitae alias distinctio dignissimos ab accusantium pariatur dicta	Katarina.Wolff@joel.io	molestias incidunt eaque\nnumquam reprehenderit rerum ut ex ad\nomnis porro maiores quaerat harum nihil non quasi ea\nasperiores quisquam sunt fugiat eos natus iure adipisci	2022-12-07 06:08:11.294615+02	2022-12-07 06:08:11.294615+02	\N
475	95	cumque consequuntur excepturi consequatur consequatur est	Kailyn@ivory.info	ut in nostrum\nut et incidunt et minus nulla perferendis libero delectus\nnulla nemo deleniti\ndeleniti facere autem vero velit non molestiae assumenda	2022-12-07 06:08:11.295132+02	2022-12-07 06:08:11.295132+02	\N
476	96	quia hic adipisci modi fuga aperiam	Amely.Kunde@rodrigo.co.uk	officia quas aut culpa eum\neaque quia rem unde ea quae reiciendis omnis\nexcepturi nemo est vel sequi accusantium tenetur at earum\net rerum quisquam temporibus cupiditate	2022-12-07 06:08:11.295549+02	2022-12-07 06:08:11.295549+02	\N
482	97	placeat eveniet sunt ut quis	Chanelle@samson.me	aliquid natus voluptas doloremque fugiat ratione adipisci\nunde eum facilis enim omnis ipsum nobis nihil praesentium\nut blanditiis voluptatem veniam\ntenetur fugit et distinctio aspernatur	2022-12-07 06:08:11.29591+02	2022-12-07 06:08:11.29591+02	\N
483	97	a ipsa nihil sed impedit	Hermann.Kunde@rosina.us	quos aut rerum nihil est et\ndolores commodi voluptas voluptatem excepturi et\net expedita dignissimos atque aut reprehenderit\nquis quo soluta	2022-12-07 06:08:11.296251+02	2022-12-07 06:08:11.296251+02	\N
484	97	hic inventore sint aut	Olen@bryce.net	vel libero quo sit vitae\nid nesciunt ipsam non a aut enim itaque totam\nillum est cupiditate sit\nnam exercitationem magnam veniam	2022-12-07 06:08:11.296596+02	2022-12-07 06:08:11.296596+02	\N
485	97	enim asperiores illum	Lorenza.Carter@consuelo.ca	soluta quia porro mollitia eos accusamus\nvoluptatem illo perferendis earum quia\nquo sed ipsam in omnis cum earum tempore eos\nvoluptatem illum doloremque corporis ipsam facere	2022-12-07 06:08:11.296945+02	2022-12-07 06:08:11.296945+02	\N
83	52	vesv	sevsvs@ddfd	<p>xdvxdvvvvvvvvvvvvvvvvvvv</p>	2022-12-12 23:44:47.966+02	2022-12-12 23:44:47.966+02	\N
22933	31	dolorum et dolorem optio in provident	Aleen@tania.biz	et cumque error pariatur\nquo doloribus corrupti voluptates ad voluptatem consequatur voluptas dolores\npariatur at quas iste repellat et sed quasi\nea maiores rerum aut earum	2022-12-07 06:08:11.298989+02	2022-12-07 06:08:11.298989+02	\N
22934	31	ut quas facilis laborum voluptatum consequatur odio voluptate et	Cary@taurean.biz	quos eos sint voluptatibus similique iusto perferendis omnis voluptas\nearum nulla cumque\ndolorem consequatur officiis quis consequatur aspernatur nihil ullam et\nenim enim unde nihil labore non ducimus	2022-12-07 06:08:11.299314+02	2022-12-07 06:08:11.299314+02	\N
22935	31	odit illo optio ea modi in	Durward@cindy.com	quod magni consectetur\nquod doloremque velit autem ipsam nisi praesentium ut\nlaboriosam quod deleniti\npariatur aliquam sint excepturi a consectetur quas eos	2022-12-07 06:08:11.299641+02	2022-12-07 06:08:11.299641+02	\N
22936	31	test	pmoroz2004@gmail.com	asdf	2022-12-07 06:08:11.299961+02	2022-12-07 06:08:11.299961+02	\N
23141	6	Andrii Nychaiuk	anichajuk@gmail.com	ut aspernatur corporis harum nihil quis provident sequi mollitia nobis aliquid mol	2022-12-07 06:08:11.300293+02	2022-12-07 06:08:11.300293+02	\N
23188	5	Jon Week	@	hello	2022-12-07 06:08:11.300619+02	2022-12-07 06:08:11.300619+02	\N
23191	6	Andrii Nychaiuk	anichajuk@gmail.com	enderit accusantium quas voluptate dolores velit et doloremque molestiae	2022-12-07 06:08:11.300937+02	2022-12-07 06:08:11.300937+02	\N
23192	4	Vladyslav Supruniuk	vladsupruniuk@gmail.com	asd	2022-12-07 06:08:11.301255+02	2022-12-07 06:08:11.301255+02	\N
23196	9	Andrii Nychaiuk	anichajuk@gmail.com	aepe quidem repellat excepturi ut quia sunt ut sequi eos ea sed quas	2022-12-07 06:08:11.301586+02	2022-12-07 06:08:11.301586+02	\N
23197	6	Andrii Nychaiuk	anichajuk@gmail.com	aepe quidem repellat excepturi ut quia sunt ut sequi eos ea sed quas	2022-12-07 06:08:11.301908+02	2022-12-07 06:08:11.301908+02	\N
98	44	wdfad	wadad@xddxd	<p>Text </p>	2022-12-15 12:33:50.442+02	2022-12-15 12:33:50.442+02	\N
102	52	TEST	TEST@hhhh	<p>awd</p>	2022-12-15 12:39:47.917+02	2022-12-15 12:39:47.917+02	\N
109	51	Page	page@ff	<p>Add picture</p><img src=data:image/jpeg;base64,/9j/4AAQSkZJRgABAQAAAQABAAD/4gHYSUNDX1BST0ZJTEUAAQEAAAHIAAAAAAQwAABtbnRyUkdCIFhZWiAAAAAAAAAAAAAAAABhY3NwAAAAAAAAAAAAAAAAAAAAAAAAAAAAAAAAAAAAAQAA9tYAAQAAAADTLQAAAAAAAAAAAAAAAAAAAAAAAAAAAAAAAAAAAAAAAAAAAAAAAAAAAAAAAAAAAAAAAAAAAAlkZXNjAAAA8AAAACRyWFlaAAABFAAAABRnWFlaAAABKAAAABRiWFlaAAABPAAAABR3dHB0AAABUAAAABRyVFJDAAABZAAAAChnVFJDAAABZAAAAChiVFJDAAABZAAAAChjcHJ0AAABjAAAADxtbHVjAAAAAAAAAAEAAAAMZW5VUwAAAAgAAAAcAHMAUgBHAEJYWVogAAAAAAAAb6IAADj1AAADkFhZWiAAAAAAAABimQAAt4UAABjaWFlaIAAAAAAAACSgAAAPhAAAts9YWVogAAAAAAAA9tYAAQAAAADTLXBhcmEAAAAAAAQAAAACZmYAAPKnAAANWQAAE9AAAApbAAAAAAAAAABtbHVjAAAAAAAAAAEAAAAMZW5VUwAAACAAAAAcAEcAbwBvAGcAbABlACAASQBuAGMALgAgADIAMAAxADb/2wBDAAoHBwgHBgoICAgLCgoLDhgQDg0NDh0VFhEYIx8lJCIfIiEmKzcvJik0KSEiMEExNDk7Pj4+JS5ESUM8SDc9Pjv/2wBDAQoLCw4NDhwQEBw7KCIoOzs7Ozs7Ozs7Ozs7Ozs7Ozs7Ozs7Ozs7Ozs7Ozs7Ozs7Ozs7Ozs7Ozs7Ozs7Ozs7Ozv/wAARCACdAUADASIAAhEBAxEB/8QAGwABAAMBAQEBAAAAAAAAAAAAAAMEBQYBAgf/xAA4EAABBAEDAgUDBAAFAgcAAAABAAIDBBEFEiETMQYUIkFRUmGRFTJxgSMzQlShFpI0U2Jyk7HR/8QAFAEBAAAAAAAAAAAAAAAAAAAAAP/EABQRAQAAAAAAAAAAAAAAAAAAAAD/2gAMAwEAAhEDEQA/AP2ZF4s7XL1rTNNN2vEyUQva6ZhByYs+st+4HP8ASDSRYMniWFmpzMLm+RgYxhlaxz3yzP8AUGMa3JOG4J4/1D4Ktw+IdMmjY9s7ml1gV9j4nse2Q5Ia5pGW8DPICDTRZV7VnB0lbTo/MXIp4Y5GFjsRte4ZcT8Bu4/0smHX777lKIvZtm1iao70D/LbHI4D+ctHKDq0VDUdZo6U+CO3K9slklsLGROe55AyQA0E5woh4k0p1CO62w58cshiY1sTzIXgkFuwDdkYORjIwg1EWWfEelipFZE73iZ7o2Rshe6Uub+4dMDdkY5GOF5J4k0plavOLD5BZLhFHFC98jtv7vQ0F3Hvxwg1UWN4Y1Z+s6dPae8PaLc0cZDdvoa8hvH8KxHr2ny3xRD5myuc5jC+CRrHub+4NeRtdjB7H2QaKKhqOtUNLmghtyvEtnd0Y2ROkdJtAJADQSTg9lF/1HpXkIrosOdHNIYo2tieZHPGctDAN2Rg5GOMINRFmQeIdLslgitcvhfONzHN9DDh2cjggnkdx8L7p67pt9tN1Wx1BdjdJBhjhuaO5PHH94QaCLP1HXKOluxbdM0Bu9z2V5HtY35c5oIaP5wobPifSatqaq+aV8sDWvlbFXkk2NcMhx2tOBj37INZFk2PE+k17DKxnklmfALDWQQSSl0ZJAcNoPHBV2LUK0+ni/BIZ67mb2uiaXlw+wAyT9u6Cyi5zR/F1W74dp6ndbLBJZw0RNryEvefZjcZfxzkZ7FbFDU6mpwulqyFwY4se17HMcxw9i1wBB/kILaLKm8S6VXsvgknf/hyCOSRsL3RRvP+l0gG1p5HBPuF8WvFOkU7VmtNYk6lTb5jZXkeIgWhwLiGkAYIOTwg2EWZd8RaXQk2TWHEhgkcYonyBjD2c4tBDR9zgKO14p0enPPBLYeX12tdN04JHiNrhkOcWggDHv2Qa6LM17V/0jw9b1OJnWMMJkYGtLg444zt5x91mSeKWs1ihG4WG17NSSTpeUk6pe1zRwzbuxyfZB0q9WLHrdSzaqWINUj8nNUksCMxH1taW5fuP7ducEHnn7K7p2q1dUY59XrbWgHMsD49wPYjcBkfcILqLGseLNFqWJ4J7bmOrSiKd3RfsicQCNzsYaCCMEnB5+CpGeJdKdXszunkibWDTK2WB8bwHftw1wBOTwMA5PAQaqKtSvQ6hCZYWzNa1xaRNC+JwP8A7XAH3VhB6iIgIiICIiAvmRjZY3RvAc1wwQfcL6XiDkKPh+/pmk6RJFVbJZoWJJZYOoMyB4cDhx43YIxk/Ze2dH1S1NPrHlBHYdcrzMpOlaXFkW5vLh6Q4hxOM44HPx1qIMTQ6uoDV9Uv3agrMtOj6TDIHOw1uDuwSAc/BKoQ6DqDLlKV0TdsOszW3neOI3RyNB/LhwuqUDLtaS7LSZKDYhY18kfu1rs4P94P4QUtRoT2Ne0i3GwGKq6UykkcbmEDj+Vz8nhnUGzeb6MrzHqdmfpV7PSe+OTs4OBGD9iQu0RBxsnhmaOWlqFajdbtdN167dQInJft9fU3YJywZG7GD8jCmr6Pb0nUKOp0NMkkYIZoZ6r7IdMwve14fvccHluCM+4xnC6xEGN4Wo3aOmzt1CGOGeW3NNsjfuADnkjn+CsOnoernV9Ms3KO+etakfavSWA7qNIcG7G5yByOCBj7912qifbgZbjqOkAmlaXMZ7kDuf8AlBn3qE8/iPSrrGAw1WTiRxIy0uDQOP6KwJvDN9sla50ZZHVr1p5gr2ek98cpGHNcCBkYHBI4JXaIg4674ZsyabTGnVnVpTYkNllix1XGKU/4mXZOScA4BPPyrugaBZ0zXL75GNFKMuFHD8nbI7qSDHthxIH2WvLrOnQSSxyWmtdDMyGQYPpe8Atb/YI/KvIOR8T6PqepTahGyj56Oep06e6cMjgkwQS5uck9sEA/HHdV6Z1SprOsVq2mi281a0ZIma3Y/pY9WTy3+Mnjsuvr3K9p8zIZQ90D+nIB/pdgHH/IX2yvDHNJMyJjZJcdR4aAXY4GT74QcXThvaF4qjqVaX6g6DQ4Y3hkjWOyJJMEbiBjP99uCul8O6ZJo+hV6Uz2ulbvfJs/aHPcXuA+wLiB9gr4rQCybQiZ13MEZk2jcWgkgZ+Mk8fdSoON0/SNW06jozhQMkuj9SB0XVZmdjhjew5wCMA4djjIW1olK1FZ1C/bi6D70zXiDcHGNrWhoyRxk4zwtfCYQclLpOqs0q/oLKTZIrc8jmXRK0NYyR5cS5p9W4ZI4BBwOfisP1P9X8UUqGnts+YMMTZXSta2NxrsGXg8lvOfTk8EYXbYUcdeGKWWWOJjJJiDI5rQC8gYBJ9+AAg453hSahYlibXu6hVmqwwA17vQPoZsIeNwBBHORnuVe/QLMUWvRQwtay3XjirDfnO2LZgk/f5XT4TCDIvaZPb8IzaWMNnkpdEZPG7Zjv8AyoKtS9PrlDUZ6ZrNipSQva97XFri5uP2k5BAK3sJhBx+m+H79QVXT02TNhqXY3w9RuHmSYOa3P3Hv7LT8N0btI2mSMngpegVa1iZsr4sA7vUCfT2wMnGCt3CYQcpa0G9Lp2vwthYX3tRbPCC4epgZCOfjljuP/1Tapo8tnUr802nG7VsU4YekyUMcXNe4kgkjBGQQcjn3XS4TCDA0vSbk1B8epWL0bRO50DfNkSsjPZr3sPq5zjk8Y5W9GwRsawEkNAGXHJP8le4XqAiIgIiICIiAsnxLfn0/SOpWe2OWWaKASOGRHveG7sfbK1lT1as65ps1dteCyXjHSsOLWOGexIBI/nCDmp9Tt6Nrd+na1iezWj06OZmY4zKyR0hZ7AA5wMZ4VG1rOvUa2q1X2nx2Io6skD5jHI+PqShhB2taMY9sf2tjSvCjGXb1rUKtdjbUDK/l45nzelpJJdI4BziSRjgYDRhaUfhnR4myhtJp6+zque9znP2u3NyScnBx+MdkGFZdrMN3WKzdcsbKVQWIXGKPcXkO4d6cFvp7YB+6iu+INTdS1WeCwIXx6ZTsQ+gERvkL9x5HPYd/hdc/Tqkks8r4Gl9mMRSnn1t54/5KhdoemOjkjNRhZLEyF4yfUxmdo7+2Sg5vUNW1TQrd2A33XAaDLEbp2NHSeZNhPpA9PIOD8d01HUdT8PXXn9Tl1FjNLntdGVjAXPYBjBa0cLo7+mwztmmZUgmsvgMGJidrmZztOM8Z+yydH8NOr6x+oWKtauGVzA2KOw+wXAnnL3gHHGA3GBz8oIXS6rUm0po1mS2dWD43Hpx7Y3dJzw+PDewI7OzwQqX/U2qyUnWIiDJpVCSS8wNH+LPkta37D0udxj/AE+y6ijoOmadP16lURvDS1vrc4Mae4aCcNH2GFNBpVCsbRhqxs848vscf5jiMEn+kHITaj4kp6Zcs5uiLyBkE9tsH+HMCMbAwnLSCe44wOeVbuTfpGsUrl69JM2GhZnklka3LQA0nAaBwMcDv91uReHNKhglgbVJjlZ03MfK94DfgZJ2jgcDHYfCtTadTsSNkmrskc2N0Q3DI2O/cMe4KDjm3vERls04rU7ZZNP83VNkxOk3NcOCGtAAd2I5xngrb0LVpdc1Ge5DKRp8cEbGR7RzK4bnEnvwC1uP5U8Wg09Ka6zpNCI3BGImGed/LMj0lx3EAewx+FL4f0huiaTHTGwyFzpJXMGAXuJc7H2yUHOTXJ6Wta6+vJsc/VacbjgHLXQxAjlfLtT1hle9qZ1N5bV1k1mVhGzY6IytZhxxnOHHBBH9rq36Rp8ks0j6zS+eVk0hyfU9gAaf6AH4Q6Rp7q8sBrNMU0/mHtyfVJuDt35AKDkdMvW5PGeo6RHYdRidddOZcAusbWMzGzII47n3x2+V3QVCfQtLshwlqNJfOLBcCQ4SAYDgQcg4HstBAREQEREBERAREQEREBERAREQEREBERAREQEREBERAREQEREBERAREQEREBERAREQEREBERAREQEREBERAREQEREBERAREQEREBERAREQF8SSxxN3SPawdsuOF9qjqTWv8q1zQ5psNyCMjsUE/nav+5h/7wvRbrOIa2xESTgAPHK88nV/20P/AMYVa9WgiEDo4Y2O67OWtAPdBoLxCQ0crnaPiaS5W1SV1djDVYZq43Z6sXq2uPxkscP6QdEvVjVPE2nS6eyzPYbE7qRwyNLXemV7WuDe3uHDntz3UlrxLpVOOSSWWZzYpHRyGKrLIGFoy4na04A93dvvwg1UWc/XtMjgsTutDp1nsZI4MccF2NuMD1Z3DGM5yvqjrVHUbEsFV8r3RZy4wPax2Dg7XkBr8H6SUF9FRdrFBkU8jp8NrzivIdjvTIcYHbn9w5HHKhZ4j0p8lhgsODaocZZnQvbCNpw7EhGwkHIIBOCCPZBqLzKpadrFLVWyGq+XdHjfHNA+F7c9jteA7B9jjlYknjat0pZGVrEba+oMqSGavK0EF2NzctGT/wCkZPb5CDqMoslniCjYZWmr2msilmfC4TwvY8OaCS0hwBYRjPqA4/lWdN1enqrXuqGYtZjJlryRZB7Fu9o3A47jIQXkWa3X9OdfkpdWRs0Yc71wSNY4N/dteW7X4zyGk4UFTxZot1rnQW3lohM7XPgkY2SMd3MLmgPAyM7c4zyg2UWZp3iHTNVn6NOd7n7Oo3fBJGJGfUwuaA8duW5HI+VpoCIiAiIgIiICIiAiIgIiICIiAiIgIiICIiAqWokA1STgCw3/AOirqjlginaGyxte0HOCEHvVj/8AMb+VU1CRjmQBrmk9dnY/dS/p1L/bR/8AavW0KjHBza8YIOQQOyCLVorljSrMNB0bLMsZZG+QkNaTxngHt3/pYM/g+Ws+B+mXJHBtWSnKy3MSDE5vp24B5Dw0/wAFy6rCYQchN4PtSzgieARGlG0ty7/xMbS1r+37cEff0jhfNnwtqz9Lr02S1pN0EvmWunkjaLEji50g2jLxku4OOF2KYQcbU0knXqFISNkZTqwvvBuS0zRNxHz/ACd3z6AtTRNK1CjqNmaYQVqkjcMqwTulaX7sl/qa3Zx/pGRz3W9hMIOWvaDq75bteqaRqW7sdsySSPEjMbNzNoaQf2ZByO/ZQ2PC+o3fPw7q1CtYDiI4Z3yMkk6m8PLC1uwn3DSc5K69MIMbQdLkodaWxRq1ZpdoPQtST7gPlz2g/wBYVN2gX3WJWHy3QOqR3mP6jtxAOXNLduARjjk5+y6XCYQc1J4duG5NO11Z7Xag+01j3OwWmAR4PH1A5+yteHdMv6aJ22enDXdt6FWKw6dsXfJD3NacHP7ccY7rbwmEHHnw9qzdV/UbUleRsHmSZGzyOfK17XBg2EBrdoIGAT27qrV03VLPhenYvR144qOlPEDYXOc+Vz4wMuBaNuB7AuyT3GOe6wmEHO6JQ1OaTTrmosqxMp1OnC2B7nOkLg3JcC0bcBo4G7ueeOejXi9QEREBERAREQEREBERAREQEREBERAREQEREBERAREQEREBERAREQEREBERAREQEREBERAREQEREBERAREQEREBERAREQEREBERAREQEREBERAREQEREBERAREQEREBERB4VU8zJ8j8K2eyz0EvmZPkfhPMyfI/CiRBL5mT5H4TzMnyPwokQS+Zk+R+E8zJ8j8KJEEvmZPkfhPMyfI/CiRBL5mT5H4TzMnyPwqtmw2tCZXAnHAA7knsFXbelZIGWavRLmksIfuBxzjtwg0vMyfI/CeZk+R+FmVdRNwxCOH9zd0h3cM+3bkq8gl8zJ8j8J5mT5H4USIJfMyfI/CeZk+R+FEiCXzMnyPwnmZPkfhRIgl8zJ8j8J5mT5H4USILMEr5HkOx2VhVKv8AmH+FbQEREBERAREQEREBERAREQEREBERB4eyz1oHsqfQk+koI0UnQk+kp0JPpKCNFJ0JPpKdCT6SgjRSdCT6SnQk+koI0UnQk+kp0JPpKCndgfYr7YyA9rg5ue2QcqB0Vq1K100TYmxh2AHZLiRj8LT6En0lOhJ9JQZGnUbFDpgAFj24lbn9rh7haak6En0J0JPpKCNFJ0JPpKdCT6SgjRSdCT6SnQk+koI0UnQk+kp0JPpKCNFJ0JPpKdCT6Sg+qv8AmH+FbVavG9jyXDHCsoCIiAiIgIiICIiAiIgIiICIiAiIgIiICIiAiIgIiICIiAiIgIiICIiAiIgIiICIiAiIg//Z><br>Привіт світ!	2022-12-17 21:47:25.706+02	2022-12-17 21:47:25.706+02	page.hhh.hhh
112	44	hhh	hhhhh@ss	<p>sefsfsfsf</p><br>	2022-12-20 21:08:57.962+02	2022-12-20 21:08:57.962+02	sfs.fsef.sefes
23200	4	Vladyslav Supruniuk	vladsupruniuk@gmail.com	404	2022-12-07 06:08:11.30255+02	2022-12-07 06:08:11.30255+02	\N
23201	4	gd	vladsupruniuk@gmail.com	jhjh	2022-12-07 06:08:11.302921+02	2022-12-07 06:08:11.302921+02	\N
23246	11	fsefsddf	victance.3@gmail.comfs	777	2022-12-07 06:08:11.303241+02	2022-12-07 06:08:11.303241+02	\N
23250	12	Misha Hrynko	misha@mate.academy	Testing redux posts	2022-12-07 06:08:11.303585+02	2022-12-07 06:08:11.303585+02	\N
23520	86	ьбьбьбь	paznachka@gmail.com	бььбьб	2022-12-07 06:08:11.304046+02	2022-12-07 06:08:11.304046+02	\N
23739	18	someone	example@mail.com	Something interesting	2022-12-07 06:08:11.304409+02	2022-12-07 06:08:11.304409+02	\N
23758	20	test	budnikoleksii@gmail.com	rueruru	2022-12-07 06:08:11.304769+02	2022-12-07 06:08:11.304769+02	\N
23762	18	Misha Hrynko	misha@mate.academy	Some comment	2022-12-07 06:08:11.305086+02	2022-12-07 06:08:11.305086+02	\N
24033	65	Name1	name1@ee.rebus	some text	2022-12-07 06:08:11.305437+02	2022-12-07 06:08:11.305437+02	\N
24192	24	Tatum Lamb	pozulosok@mailinator.com	Ad distinctio Volup	2022-12-07 06:08:11.305775+02	2022-12-07 06:08:11.305775+02	\N
24328	1	Some name	some@email.com		2022-12-07 06:08:11.306112+02	2022-12-07 06:08:11.306112+02	\N
24329	1	Some name	some@email.com		2022-12-07 06:08:11.306435+02	2022-12-07 06:08:11.306435+02	\N
24331	1	Some name	some@email.com		2022-12-07 06:08:11.306763+02	2022-12-07 06:08:11.306763+02	\N
24453	25	fdsf	dfs@dsfc	dfsfs	2022-12-07 06:08:11.307062+02	2022-12-07 06:08:11.307062+02	\N
24742	96	test	test@gmail.com	test	2022-12-07 06:08:11.307383+02	2022-12-07 06:08:11.307383+02	\N
25005	84	sanyokmalyshev	admin@admin.com	asdfasdfdsa	2022-12-07 06:08:11.307715+02	2022-12-07 06:08:11.307715+02	\N
25020	29	asdfg	asdfg@ddd.c	gggggggggggg	2022-12-07 06:08:11.308044+02	2022-12-07 06:08:11.308044+02	\N
25159	40	Евгений	eugene.khablenko@gmail.com	This is just a test	2022-12-07 06:08:11.308367+02	2022-12-07 06:08:11.308367+02	\N
25160	40	Евгений	eugene.khablenko@gmail.com		2022-12-07 06:08:11.308768+02	2022-12-07 06:08:11.308768+02	\N
25397	91	asdfasd	asdf@asdf	51351	2022-12-07 06:08:11.309932+02	2022-12-07 06:08:11.309932+02	\N
25398	83	Романенко Дмитрий Дмитриевич	s@gmail.com	5	2022-12-07 06:08:11.310511+02	2022-12-07 06:08:11.310511+02	\N
25551	66	              njhk	ivan.silchin@gmail.com	                           jkhkhkhlk	2022-12-07 06:08:11.311046+02	2022-12-07 06:08:11.311046+02	\N
25605	50	Eugen	fakemail@mail.com	Something	2022-12-07 06:08:11.312245+02	2022-12-07 06:08:11.312245+02	\N
25610	50	Sapna	sapnachoudhary97491@gmail.com	Testing	2022-12-07 06:08:11.312755+02	2022-12-07 06:08:11.312755+02	\N
25616	93	bradley Matjie	bradleysaint45@gmail.com	testing functionality	2022-12-07 06:08:11.313281+02	2022-12-07 06:08:11.313281+02	\N
25632	62	Surname	mail@as.as	second	2022-12-07 06:08:11.313801+02	2022-12-07 06:08:11.313801+02	\N
25633	63	Surname	mail@as.as	dsfa	2022-12-07 06:08:11.314323+02	2022-12-07 06:08:11.314323+02	\N
25693	43	123	123@gmail.com	123	2022-12-07 06:08:11.314851+02	2022-12-07 06:08:11.314851+02	\N
25694	81	б 	Skirik0117@gmail.com	дб 	2022-12-07 06:08:11.31538+02	2022-12-07 06:08:11.31538+02	\N
25696	55	Test 	test@gmail.com	comment	2022-12-07 06:08:11.315898+02	2022-12-07 06:08:11.315898+02	\N
25697	86	test	test@gmail.com	sdafasdf	2022-12-07 06:08:11.316278+02	2022-12-07 06:08:11.316278+02	\N
25704	47	kkk	kkk@jjj	kkk	2022-12-07 06:08:11.316979+02	2022-12-07 06:08:11.316979+02	\N
25709	45	hhhhhp;;l	dsgr@fff	awdawdawdadadassdsdsdsdad	2022-12-07 06:08:11.317324+02	2022-12-07 06:08:11.317324+02	\N
2	97	Far	dffd@dsdd	ssdgsfgsefgs	2022-12-08 15:52:19.681+02	2022-12-08 15:52:19.681+02	\N
3	97	FAr	sese@dd	esfsgvvs	2022-12-08 15:52:33.274+02	2022-12-08 15:52:33.274+02	\N
4	44	Fil Gerar	fil@kk.h	Addgh sdkkkdf lllf f	2022-12-08 20:21:09.778+02	2022-12-08 20:21:09.778+02	\N
5	44	xcfbd	cgn@fg	cncn	2022-12-08 20:21:30.708+02	2022-12-08 20:21:30.708+02	\N
6	44	saefs	sefs@fff	sefsf	2022-12-08 20:21:59.62+02	2022-12-08 20:21:59.62+02	\N
7	81	fyjfjjyf	fjfjyf@fggg	<p>fjfjfjyfjfj</p>	2022-12-10 14:52:56.125+02	2022-12-10 14:52:56.125+02	\N
8	48	rjjre	r6juyyy@ddd	<p>sefesfesf</p>	2022-12-10 14:53:31.355+02	2022-12-10 14:53:31.355+02	\N
11	48	sdsgs	segsge@ssds	<p><strong>drgdrg</strong></p>	2022-12-10 14:54:54.674+02	2022-12-10 14:54:54.674+02	\N
12	48	ugug,	fgymygmg@dxdsd	<p>drgrdgdg</p>	2022-12-10 14:55:16.942+02	2022-12-10 14:55:16.942+02	\N
14	54	ddrhd	drhd@ddd	<p><strong>segsg</strong></p>	2022-12-10 15:09:38.628+02	2022-12-10 15:09:38.628+02	\N
15	46	awwcawsca	awcac@dfdd	<p><strong>sevsv</strong></p>	2022-12-10 15:33:34.887+02	2022-12-10 15:33:34.887+02	\N
88	46	gggg	ggg@sdsdss	<pre class="ql-syntax" spellcheck="false">rtmgmhhmmmmmmmmmmmmm\n</pre>	2022-12-13 13:10:37.697+02	2022-12-13 13:10:37.697+02	\N
17	61	ytt	tymtt@sdddd	<p>drgdgd</p>	2022-12-10 15:45:13.441+02	2022-12-10 15:45:13.441+02	\N
18	59	rsdr	drgdd@ffdf	<p><strong>dgr</strong></p>	2022-12-11 13:25:53.289+02	2022-12-11 13:25:53.289+02	\N
19	59	fthrfh	fhtfh@sdsdsd	<p><em>sgsegss<span class="ql-cursor">﻿</span></em></p>	2022-12-11 13:25:53.302+02	2022-12-11 13:25:53.302+02	\N
20	59	wsese	sefsef@dd	<pre class="ql-syntax" spellcheck="false">sefsfe\n</pre>	2022-12-11 13:27:20.29+02	2022-12-11 13:27:20.29+02	\N
21	59	tffth	fthfhtf@ddd	<p>sefsefsefs</p>	2022-12-11 13:27:38.549+02	2022-12-11 13:27:38.549+02	\N
23	93	gyug	gyg@sdsd	<p>rgdrgdg</p>	2022-12-11 13:41:12.138+02	2022-12-11 13:41:12.138+02	\N
24	93	RRRRRR	dddd@ss	<p><strong>write</strong></p>	2022-12-11 14:07:23.002+02	2022-12-11 14:07:23.002+02	\N
25	93	DDDD	sevs@sds	<p><em>ftdftnf</em></p>	2022-12-11 14:08:55.106+02	2022-12-11 14:08:55.106+02	\N
26	93	eee	eg4ewg@ssd	<p><a href="https://www.youtube.com/watch?v=mW34Gc9c6JY" rel="noopener noreferrer" target="_blank">rgdgd</a></p>	2022-12-11 14:10:14.148+02	2022-12-11 14:10:14.148+02	\N
27	93	segsgsseg	sgsg@dsdd	<p><strong>JJJJJJJJ</strong></p>	2022-12-11 14:11:32.048+02	2022-12-11 14:11:32.048+02	\N
28	65	Name 12	aeaessa@ss	<p><strong>fgyggy</strong><span class="ql-cursor">﻿</span></p>	2022-12-11 14:15:42.896+02	2022-12-11 14:15:42.896+02	\N
99	48	TEST	TEST@hhhh	<p>awdw</p>	2022-12-15 12:34:29.062+02	2022-12-15 12:34:29.062+02	\N
103	45	TEST	TEST@hhhh	<p>wadadad</p><p>Привіт світ!</p>	2022-12-15 15:23:37.135+02	2022-12-15 15:23:37.135+02	\N
113	44	rdrddd	rgdgd@ddd	<p>ddvxvxv</p><img src=data:image/jpeg;base64,/9j/4AAQSkZJRgABAQAAAQABAAD/4gHYSUNDX1BST0ZJTEUAAQEAAAHIAAAAAAQwAABtbnRyUkdCIFhZWiAAAAAAAAAAAAAAAABhY3NwAAAAAAAAAAAAAAAAAAAAAAAAAAAAAAAAAAAAAQAA9tYAAQAAAADTLQAAAAAAAAAAAAAAAAAAAAAAAAAAAAAAAAAAAAAAAAAAAAAAAAAAAAAAAAAAAAAAAAAAAAlkZXNjAAAA8AAAACRyWFlaAAABFAAAABRnWFlaAAABKAAAABRiWFlaAAABPAAAABR3dHB0AAABUAAAABRyVFJDAAABZAAAAChnVFJDAAABZAAAAChiVFJDAAABZAAAAChjcHJ0AAABjAAAADxtbHVjAAAAAAAAAAEAAAAMZW5VUwAAAAgAAAAcAHMAUgBHAEJYWVogAAAAAAAAb6IAADj1AAADkFhZWiAAAAAAAABimQAAt4UAABjaWFlaIAAAAAAAACSgAAAPhAAAts9YWVogAAAAAAAA9tYAAQAAAADTLXBhcmEAAAAAAAQAAAACZmYAAPKnAAANWQAAE9AAAApbAAAAAAAAAABtbHVjAAAAAAAAAAEAAAAMZW5VUwAAACAAAAAcAEcAbwBvAGcAbABlACAASQBuAGMALgAgADIAMAAxADb/2wBDAAoHBwgHBgoICAgLCgoLDhgQDg0NDh0VFhEYIx8lJCIfIiEmKzcvJik0KSEiMEExNDk7Pj4+JS5ESUM8SDc9Pjv/2wBDAQoLCw4NDhwQEBw7KCIoOzs7Ozs7Ozs7Ozs7Ozs7Ozs7Ozs7Ozs7Ozs7Ozs7Ozs7Ozs7Ozs7Ozs7Ozs7Ozs7Ozv/wAARCACdAUADASIAAhEBAxEB/8QAGwABAAMBAQEBAAAAAAAAAAAAAAMEBQYBAgf/xAA4EAABBAEDAgUDBAAFAgcAAAABAAIDBBEFEiETMQYUIkFRUmGRFTJxgSMzQlShFpI0U2Jyk7HR/8QAFAEBAAAAAAAAAAAAAAAAAAAAAP/EABQRAQAAAAAAAAAAAAAAAAAAAAD/2gAMAwEAAhEDEQA/AP2ZF4s7XL1rTNNN2vEyUQva6ZhByYs+st+4HP8ASDSRYMniWFmpzMLm+RgYxhlaxz3yzP8AUGMa3JOG4J4/1D4Ktw+IdMmjY9s7ml1gV9j4nse2Q5Ia5pGW8DPICDTRZV7VnB0lbTo/MXIp4Y5GFjsRte4ZcT8Bu4/0smHX777lKIvZtm1iao70D/LbHI4D+ctHKDq0VDUdZo6U+CO3K9slklsLGROe55AyQA0E5woh4k0p1CO62w58cshiY1sTzIXgkFuwDdkYORjIwg1EWWfEelipFZE73iZ7o2Rshe6Uub+4dMDdkY5GOF5J4k0plavOLD5BZLhFHFC98jtv7vQ0F3Hvxwg1UWN4Y1Z+s6dPae8PaLc0cZDdvoa8hvH8KxHr2ny3xRD5myuc5jC+CRrHub+4NeRtdjB7H2QaKKhqOtUNLmghtyvEtnd0Y2ROkdJtAJADQSTg9lF/1HpXkIrosOdHNIYo2tieZHPGctDAN2Rg5GOMINRFmQeIdLslgitcvhfONzHN9DDh2cjggnkdx8L7p67pt9tN1Wx1BdjdJBhjhuaO5PHH94QaCLP1HXKOluxbdM0Bu9z2V5HtY35c5oIaP5wobPifSatqaq+aV8sDWvlbFXkk2NcMhx2tOBj37INZFk2PE+k17DKxnklmfALDWQQSSl0ZJAcNoPHBV2LUK0+ni/BIZ67mb2uiaXlw+wAyT9u6Cyi5zR/F1W74dp6ndbLBJZw0RNryEvefZjcZfxzkZ7FbFDU6mpwulqyFwY4se17HMcxw9i1wBB/kILaLKm8S6VXsvgknf/hyCOSRsL3RRvP+l0gG1p5HBPuF8WvFOkU7VmtNYk6lTb5jZXkeIgWhwLiGkAYIOTwg2EWZd8RaXQk2TWHEhgkcYonyBjD2c4tBDR9zgKO14p0enPPBLYeX12tdN04JHiNrhkOcWggDHv2Qa6LM17V/0jw9b1OJnWMMJkYGtLg444zt5x91mSeKWs1ihG4WG17NSSTpeUk6pe1zRwzbuxyfZB0q9WLHrdSzaqWINUj8nNUksCMxH1taW5fuP7ducEHnn7K7p2q1dUY59XrbWgHMsD49wPYjcBkfcILqLGseLNFqWJ4J7bmOrSiKd3RfsicQCNzsYaCCMEnB5+CpGeJdKdXszunkibWDTK2WB8bwHftw1wBOTwMA5PAQaqKtSvQ6hCZYWzNa1xaRNC+JwP8A7XAH3VhB6iIgIiICIiAvmRjZY3RvAc1wwQfcL6XiDkKPh+/pmk6RJFVbJZoWJJZYOoMyB4cDhx43YIxk/Ze2dH1S1NPrHlBHYdcrzMpOlaXFkW5vLh6Q4hxOM44HPx1qIMTQ6uoDV9Uv3agrMtOj6TDIHOw1uDuwSAc/BKoQ6DqDLlKV0TdsOszW3neOI3RyNB/LhwuqUDLtaS7LSZKDYhY18kfu1rs4P94P4QUtRoT2Ne0i3GwGKq6UykkcbmEDj+Vz8nhnUGzeb6MrzHqdmfpV7PSe+OTs4OBGD9iQu0RBxsnhmaOWlqFajdbtdN167dQInJft9fU3YJywZG7GD8jCmr6Pb0nUKOp0NMkkYIZoZ6r7IdMwve14fvccHluCM+4xnC6xEGN4Wo3aOmzt1CGOGeW3NNsjfuADnkjn+CsOnoernV9Ms3KO+etakfavSWA7qNIcG7G5yByOCBj7912qifbgZbjqOkAmlaXMZ7kDuf8AlBn3qE8/iPSrrGAw1WTiRxIy0uDQOP6KwJvDN9sla50ZZHVr1p5gr2ek98cpGHNcCBkYHBI4JXaIg4674ZsyabTGnVnVpTYkNllix1XGKU/4mXZOScA4BPPyrugaBZ0zXL75GNFKMuFHD8nbI7qSDHthxIH2WvLrOnQSSxyWmtdDMyGQYPpe8Atb/YI/KvIOR8T6PqepTahGyj56Oep06e6cMjgkwQS5uck9sEA/HHdV6Z1SprOsVq2mi281a0ZIma3Y/pY9WTy3+Mnjsuvr3K9p8zIZQ90D+nIB/pdgHH/IX2yvDHNJMyJjZJcdR4aAXY4GT74QcXThvaF4qjqVaX6g6DQ4Y3hkjWOyJJMEbiBjP99uCul8O6ZJo+hV6Uz2ulbvfJs/aHPcXuA+wLiB9gr4rQCybQiZ13MEZk2jcWgkgZ+Mk8fdSoON0/SNW06jozhQMkuj9SB0XVZmdjhjew5wCMA4djjIW1olK1FZ1C/bi6D70zXiDcHGNrWhoyRxk4zwtfCYQclLpOqs0q/oLKTZIrc8jmXRK0NYyR5cS5p9W4ZI4BBwOfisP1P9X8UUqGnts+YMMTZXSta2NxrsGXg8lvOfTk8EYXbYUcdeGKWWWOJjJJiDI5rQC8gYBJ9+AAg453hSahYlibXu6hVmqwwA17vQPoZsIeNwBBHORnuVe/QLMUWvRQwtay3XjirDfnO2LZgk/f5XT4TCDIvaZPb8IzaWMNnkpdEZPG7Zjv8AyoKtS9PrlDUZ6ZrNipSQva97XFri5uP2k5BAK3sJhBx+m+H79QVXT02TNhqXY3w9RuHmSYOa3P3Hv7LT8N0btI2mSMngpegVa1iZsr4sA7vUCfT2wMnGCt3CYQcpa0G9Lp2vwthYX3tRbPCC4epgZCOfjljuP/1Tapo8tnUr802nG7VsU4YekyUMcXNe4kgkjBGQQcjn3XS4TCDA0vSbk1B8epWL0bRO50DfNkSsjPZr3sPq5zjk8Y5W9GwRsawEkNAGXHJP8le4XqAiIgIiICIiAsnxLfn0/SOpWe2OWWaKASOGRHveG7sfbK1lT1as65ps1dteCyXjHSsOLWOGexIBI/nCDmp9Tt6Nrd+na1iezWj06OZmY4zKyR0hZ7AA5wMZ4VG1rOvUa2q1X2nx2Io6skD5jHI+PqShhB2taMY9sf2tjSvCjGXb1rUKtdjbUDK/l45nzelpJJdI4BziSRjgYDRhaUfhnR4myhtJp6+zque9znP2u3NyScnBx+MdkGFZdrMN3WKzdcsbKVQWIXGKPcXkO4d6cFvp7YB+6iu+INTdS1WeCwIXx6ZTsQ+gERvkL9x5HPYd/hdc/Tqkks8r4Gl9mMRSnn1t54/5KhdoemOjkjNRhZLEyF4yfUxmdo7+2Sg5vUNW1TQrd2A33XAaDLEbp2NHSeZNhPpA9PIOD8d01HUdT8PXXn9Tl1FjNLntdGVjAXPYBjBa0cLo7+mwztmmZUgmsvgMGJidrmZztOM8Z+yydH8NOr6x+oWKtauGVzA2KOw+wXAnnL3gHHGA3GBz8oIXS6rUm0po1mS2dWD43Hpx7Y3dJzw+PDewI7OzwQqX/U2qyUnWIiDJpVCSS8wNH+LPkta37D0udxj/AE+y6ijoOmadP16lURvDS1vrc4Mae4aCcNH2GFNBpVCsbRhqxs848vscf5jiMEn+kHITaj4kp6Zcs5uiLyBkE9tsH+HMCMbAwnLSCe44wOeVbuTfpGsUrl69JM2GhZnklka3LQA0nAaBwMcDv91uReHNKhglgbVJjlZ03MfK94DfgZJ2jgcDHYfCtTadTsSNkmrskc2N0Q3DI2O/cMe4KDjm3vERls04rU7ZZNP83VNkxOk3NcOCGtAAd2I5xngrb0LVpdc1Ge5DKRp8cEbGR7RzK4bnEnvwC1uP5U8Wg09Ka6zpNCI3BGImGed/LMj0lx3EAewx+FL4f0huiaTHTGwyFzpJXMGAXuJc7H2yUHOTXJ6Wta6+vJsc/VacbjgHLXQxAjlfLtT1hle9qZ1N5bV1k1mVhGzY6IytZhxxnOHHBBH9rq36Rp8ks0j6zS+eVk0hyfU9gAaf6AH4Q6Rp7q8sBrNMU0/mHtyfVJuDt35AKDkdMvW5PGeo6RHYdRidddOZcAusbWMzGzII47n3x2+V3QVCfQtLshwlqNJfOLBcCQ4SAYDgQcg4HstBAREQEREBERAREQEREBERAREQEREBERAREQEREBERAREQEREBERAREQEREBERAREQEREBERAREQEREBERAREQEREBERAREQEREBERAREQF8SSxxN3SPawdsuOF9qjqTWv8q1zQ5psNyCMjsUE/nav+5h/7wvRbrOIa2xESTgAPHK88nV/20P/AMYVa9WgiEDo4Y2O67OWtAPdBoLxCQ0crnaPiaS5W1SV1djDVYZq43Z6sXq2uPxkscP6QdEvVjVPE2nS6eyzPYbE7qRwyNLXemV7WuDe3uHDntz3UlrxLpVOOSSWWZzYpHRyGKrLIGFoy4na04A93dvvwg1UWc/XtMjgsTutDp1nsZI4MccF2NuMD1Z3DGM5yvqjrVHUbEsFV8r3RZy4wPax2Dg7XkBr8H6SUF9FRdrFBkU8jp8NrzivIdjvTIcYHbn9w5HHKhZ4j0p8lhgsODaocZZnQvbCNpw7EhGwkHIIBOCCPZBqLzKpadrFLVWyGq+XdHjfHNA+F7c9jteA7B9jjlYknjat0pZGVrEba+oMqSGavK0EF2NzctGT/wCkZPb5CDqMoslniCjYZWmr2msilmfC4TwvY8OaCS0hwBYRjPqA4/lWdN1enqrXuqGYtZjJlryRZB7Fu9o3A47jIQXkWa3X9OdfkpdWRs0Yc71wSNY4N/dteW7X4zyGk4UFTxZot1rnQW3lohM7XPgkY2SMd3MLmgPAyM7c4zyg2UWZp3iHTNVn6NOd7n7Oo3fBJGJGfUwuaA8duW5HI+VpoCIiAiIgIiICIiAiIgIiICIiAiIgIiICIiAqWokA1STgCw3/AOirqjlginaGyxte0HOCEHvVj/8AMb+VU1CRjmQBrmk9dnY/dS/p1L/bR/8AavW0KjHBza8YIOQQOyCLVorljSrMNB0bLMsZZG+QkNaTxngHt3/pYM/g+Ws+B+mXJHBtWSnKy3MSDE5vp24B5Dw0/wAFy6rCYQchN4PtSzgieARGlG0ty7/xMbS1r+37cEff0jhfNnwtqz9Lr02S1pN0EvmWunkjaLEji50g2jLxku4OOF2KYQcbU0knXqFISNkZTqwvvBuS0zRNxHz/ACd3z6AtTRNK1CjqNmaYQVqkjcMqwTulaX7sl/qa3Zx/pGRz3W9hMIOWvaDq75bteqaRqW7sdsySSPEjMbNzNoaQf2ZByO/ZQ2PC+o3fPw7q1CtYDiI4Z3yMkk6m8PLC1uwn3DSc5K69MIMbQdLkodaWxRq1ZpdoPQtST7gPlz2g/wBYVN2gX3WJWHy3QOqR3mP6jtxAOXNLduARjjk5+y6XCYQc1J4duG5NO11Z7Xag+01j3OwWmAR4PH1A5+yteHdMv6aJ22enDXdt6FWKw6dsXfJD3NacHP7ccY7rbwmEHHnw9qzdV/UbUleRsHmSZGzyOfK17XBg2EBrdoIGAT27qrV03VLPhenYvR144qOlPEDYXOc+Vz4wMuBaNuB7AuyT3GOe6wmEHO6JQ1OaTTrmosqxMp1OnC2B7nOkLg3JcC0bcBo4G7ueeOejXi9QEREBERAREQEREBERAREQEREBERAREQEREBERAREQEREBERAREQEREBERAREQEREBERAREQEREBERAREQEREBERAREQEREBERAREQEREBERAREQEREBERAREQEREBERB4VU8zJ8j8K2eyz0EvmZPkfhPMyfI/CiRBL5mT5H4TzMnyPwokQS+Zk+R+E8zJ8j8KJEEvmZPkfhPMyfI/CiRBL5mT5H4TzMnyPwqtmw2tCZXAnHAA7knsFXbelZIGWavRLmksIfuBxzjtwg0vMyfI/CeZk+R+FmVdRNwxCOH9zd0h3cM+3bkq8gl8zJ8j8J5mT5H4USIJfMyfI/CeZk+R+FEiCXzMnyPwnmZPkfhRIgl8zJ8j8J5mT5H4USILMEr5HkOx2VhVKv8AmH+FbQEREBERAREQEREBERAREQEREBERB4eyz1oHsqfQk+koI0UnQk+kp0JPpKCNFJ0JPpKdCT6SgjRSdCT6SnQk+koI0UnQk+kp0JPpKCndgfYr7YyA9rg5ue2QcqB0Vq1K100TYmxh2AHZLiRj8LT6En0lOhJ9JQZGnUbFDpgAFj24lbn9rh7haak6En0J0JPpKCNFJ0JPpKdCT6SgjRSdCT6SnQk+koI0UnQk+kp0JPpKCNFJ0JPpKdCT6Sg+qv8AmH+FbVavG9jyXDHCsoCIiAiIgIiICIiAiIgIiICIiAiIgIiICIiAiIgIiICIiAiIgIiICIiAiIgIiICIiAiIg//Z><br>Привіт світ!	2022-12-20 21:10:05.732+02	2022-12-20 21:10:05.732+02	xdv.xdv.dv
46	90	sees	sefse@dsdd	<p>sefsefsefwsffffffffffffffffffffssssssssssss</p>	2022-12-11 20:21:15.987+02	2022-12-11 20:21:15.987+02	\N
\.


--
-- TOC entry 3343 (class 0 OID 73731)
-- Dependencies: 217
-- Data for Name: posts; Type: TABLE DATA; Schema: public; Owner: postgres
--

COPY public.posts (id, userid, title, body, "createdAt", "updatedAt") FROM stdin;
44	5	optio dolor molestias sit	temporibus est consectetur dolore\net libero debitis vel velit laboriosam quia\nipsum quibusdam qui itaque fuga rem aut\nea et iure quam sed maxime ut distinctio quae	2022-12-06 03:41:22.774367+02	2022-12-06 03:41:22.774367+02
45	5	ut numquam possimus omnis eius suscipit laudantium iure	est natus reiciendis nihil possimus aut provident\nex et dolor\nrepellat pariatur est\nnobis rerum repellendus dolorem autem	2022-12-06 03:41:22.777713+02	2022-12-06 03:41:22.777713+02
48	5	ut voluptatem illum ea doloribus itaque eos	voluptates quo voluptatem facilis iure occaecati\nvel assumenda rerum officia et\nillum perspiciatis ab deleniti\nlaudantium repellat ad ut et autem reprehenderit	2022-12-06 03:41:22.778931+02	2022-12-06 03:41:22.778931+02
49	5	laborum non sunt aut ut assumenda perspiciatis voluptas	inventore ab sint\nnatus fugit id nulla sequi architecto nihil quaerat\neos tenetur in in eum veritatis non\nquibusdam officiis aspernatur cumque aut commodi aut	2022-12-06 03:41:22.779393+02	2022-12-06 03:41:22.779393+02
51	6	soluta aliquam aperiam consequatur illo quis voluptas	sunt dolores aut doloribus\ndolore doloribus voluptates tempora et\ndoloremque et quo\ncum asperiores sit consectetur dolorem	2022-12-06 03:41:22.779856+02	2022-12-06 03:41:22.779856+02
52	6	qui enim et consequuntur quia animi quis voluptate quibusdam	iusto est quibusdam fuga quas quaerat molestias\na enim ut sit accusamus enim\ntemporibus iusto accusantium provident architecto\nsoluta esse reprehenderit qui laborum	2022-12-06 03:41:22.780329+02	2022-12-06 03:41:22.780329+02
53	6	ut quo aut ducimus alias	minima harum praesentium eum rerum illo dolore\nquasi exercitationem rerum nam\nporro quis neque quo\nconsequatur minus dolor quidem veritatis sunt non explicabo similique	2022-12-06 03:41:22.780789+02	2022-12-06 03:41:22.780789+02
54	6	sit asperiores ipsam eveniet odio non quia	totam corporis dignissimos\nvitae dolorem ut occaecati accusamus\nex velit deserunt\net exercitationem vero incidunt corrupti mollitia	2022-12-06 03:41:22.781227+02	2022-12-06 03:41:22.781227+02
55	6	sit vel voluptatem et non libero	debitis excepturi ea perferendis harum libero optio\neos accusamus cum fuga ut sapiente repudiandae\net ut incidunt omnis molestiae\nnihil ut eum odit	2022-12-06 03:41:22.781695+02	2022-12-06 03:41:22.781695+02
57	6	sed ab est est	at pariatur consequuntur earum quidem\nquo est laudantium soluta voluptatem\nqui ullam et est\net cum voluptas voluptatum repellat est	2022-12-06 03:41:22.782128+02	2022-12-06 03:41:22.782128+02
58	6	voluptatum itaque dolores nisi et quasi	veniam voluptatum quae adipisci id\net id quia eos ad et dolorem\naliquam quo nisi sunt eos impedit error\nad similique veniam	2022-12-06 03:41:22.782688+02	2022-12-06 03:41:22.782688+02
59	6	qui commodi dolor at maiores et quis id accusantium	perspiciatis et quam ea autem temporibus non voluptatibus qui\nbeatae a earum officia nesciunt dolores suscipit voluptas et\nanimi doloribus cum rerum quas et magni\net hic ut ut commodi expedita sunt	2022-12-06 03:41:22.783196+02	2022-12-06 03:41:22.783196+02
60	6	consequatur placeat omnis quisquam quia reprehenderit fugit veritatis facere	asperiores sunt ab assumenda cumque modi velit\nqui esse omnis\nvoluptate et fuga perferendis voluptas\nillo ratione amet aut et omnis	2022-12-06 03:41:22.783631+02	2022-12-06 03:41:22.783631+02
61	7	voluptatem doloribus consectetur est ut ducimus	ab nemo optio odio\ndelectus tenetur corporis similique nobis repellendus rerum omnis facilis\nvero blanditiis debitis in nesciunt doloribus dicta dolores\nmagnam minus velit	2022-12-06 03:41:22.784081+02	2022-12-06 03:41:22.784081+02
62	7	beatae enim quia vel	enim aspernatur illo distinctio quae praesentium\nbeatae alias amet delectus qui voluptate distinctio\nodit sint accusantium autem omnis\nquo molestiae omnis ea eveniet optio	2022-12-06 03:41:22.784522+02	2022-12-06 03:41:22.784522+02
63	7	voluptas blanditiis repellendus animi ducimus error sapiente et suscipit	enim adipisci aspernatur nemo\nnumquam omnis facere dolorem dolor ex quis temporibus incidunt\nab delectus culpa quo reprehenderit blanditiis asperiores\naccusantium ut quam in voluptatibus voluptas ipsam dicta	2022-12-06 03:41:22.784981+02	2022-12-06 03:41:22.784981+02
64	7	et fugit quas eum in in aperiam quod	id velit blanditiis\neum ea voluptatem\nmolestiae sint occaecati est eos perspiciatis\nincidunt a error provident eaque aut aut qui	2022-12-06 03:41:22.785413+02	2022-12-06 03:41:22.785413+02
65	7	consequatur id enim sunt et et	voluptatibus ex esse\nsint explicabo est aliquid cumque adipisci fuga repellat labore\nmolestiae corrupti ex saepe at asperiores et perferendis\nnatus id esse incidunt pariatur	2022-12-06 03:41:22.785852+02	2022-12-06 03:41:22.785852+02
66	7	repudiandae ea animi iusto	officia veritatis tenetur vero qui itaque\nsint non ratione\nsed et ut asperiores iusto eos molestiae nostrum\nveritatis quibusdam et nemo iusto saepe	2022-12-06 03:41:22.786249+02	2022-12-06 03:41:22.786249+02
67	7	aliquid eos sed fuga est maxime repellendus	reprehenderit id nostrum\nvoluptas doloremque pariatur sint et accusantium quia quod aspernatur\net fugiat amet\nnon sapiente et consequatur necessitatibus molestiae	2022-12-06 03:41:22.786654+02	2022-12-06 03:41:22.786654+02
68	7	odio quis facere architecto reiciendis optio	magnam molestiae perferendis quisquam\nqui cum reiciendis\nquaerat animi amet hic inventore\nea quia deleniti quidem saepe porro velit	2022-12-06 03:41:22.787102+02	2022-12-06 03:41:22.787102+02
69	7	fugiat quod pariatur odit minima	officiis error culpa consequatur modi asperiores et\ndolorum assumenda voluptas et vel qui aut vel rerum\nvoluptatum quisquam perspiciatis quia rerum consequatur totam quas\nsequi commodi repudiandae asperiores et saepe a	2022-12-06 03:41:22.787536+02	2022-12-06 03:41:22.787536+02
70	7	voluptatem laborum magni	sunt repellendus quae\nest asperiores aut deleniti esse accusamus repellendus quia aut\nquia dolorem unde\neum tempora esse dolore	2022-12-06 03:41:22.787972+02	2022-12-06 03:41:22.787972+02
71	8	et iusto veniam et illum aut fuga	occaecati a doloribus\niste saepe consectetur placeat eum voluptate dolorem et\nqui quo quia voluptas\nrerum ut id enim velit est perferendis	2022-12-06 03:41:22.7885+02	2022-12-06 03:41:22.7885+02
72	8	sint hic doloribus consequatur eos non id	quam occaecati qui deleniti consectetur\nconsequatur aut facere quas exercitationem aliquam hic voluptas\nneque id sunt ut aut accusamus\nsunt consectetur expedita inventore velit	2022-12-06 03:41:22.789028+02	2022-12-06 03:41:22.789028+02
73	8	consequuntur deleniti eos quia temporibus ab aliquid at	voluptatem cumque tenetur consequatur expedita ipsum nemo quia explicabo\naut eum minima consequatur\ntempore cumque quae est et\net in consequuntur voluptatem voluptates aut	2022-12-06 03:41:22.789494+02	2022-12-06 03:41:22.789494+02
75	8	dignissimos eum dolor ut enim et delectus in	commodi non non omnis et voluptas sit\nautem aut nobis magnam et sapiente voluptatem\net laborum repellat qui delectus facilis temporibus\nrerum amet et nemo voluptate expedita adipisci error dolorem	2022-12-06 03:41:22.789919+02	2022-12-06 03:41:22.789919+02
77	8	necessitatibus quasi exercitationem odio	modi ut in nulla repudiandae dolorum nostrum eos\naut consequatur omnis\nut incidunt est omnis iste et quam\nvoluptates sapiente aliquam asperiores nobis amet corrupti repudiandae provident	2022-12-06 03:41:22.790351+02	2022-12-06 03:41:22.790351+02
78	8	quam voluptatibus rerum veritatis	nobis facilis odit tempore cupiditate quia\nassumenda doloribus rerum qui ea\nillum et qui totam\naut veniam repellendus	2022-12-06 03:41:22.790753+02	2022-12-06 03:41:22.790753+02
79	8	pariatur consequatur quia magnam autem omnis non amet	libero accusantium et et facere incidunt sit dolorem\nnon excepturi qui quia sed laudantium\nquisquam molestiae ducimus est\nofficiis esse molestiae iste et quos	2022-12-06 03:41:22.791202+02	2022-12-06 03:41:22.791202+02
80	8	labore in ex et explicabo corporis aut quas	ex quod dolorem ea eum iure qui provident amet\nquia qui facere excepturi et repudiandae\nasperiores molestias provident\nminus incidunt vero fugit rerum sint sunt excepturi provident	2022-12-06 03:41:22.791621+02	2022-12-06 03:41:22.791621+02
81	9	tempora rem veritatis voluptas quo dolores vero	facere qui nesciunt est voluptatum voluptatem nisi\nsequi eligendi necessitatibus ea at rerum itaque\nharum non ratione velit laboriosam quis consequuntur\nex officiis minima doloremque voluptas ut aut	2022-12-06 03:41:22.793019+02	2022-12-06 03:41:22.793019+02
82	9	laudantium voluptate suscipit sunt enim enim	ut libero sit aut totam inventore sunt\nporro sint qui sunt molestiae\nconsequatur cupiditate qui iste ducimus adipisci\ndolor enim assumenda soluta laboriosam amet iste delectus hic	2022-12-06 03:41:22.793516+02	2022-12-06 03:41:22.793516+02
84	9	optio ipsam molestias necessitatibus occaecati facilis veritatis dolores aut	sint molestiae magni a et quos\neaque et quasi\nut rerum debitis similique veniam\nrecusandae dignissimos dolor incidunt consequatur odio	2022-12-06 03:41:22.794337+02	2022-12-06 03:41:22.794337+02
90	9	ad iusto omnis odit dolor voluptatibus	minus omnis soluta quia\nqui sed adipisci voluptates illum ipsam voluptatem\neligendi officia ut in\neos soluta similique molestias praesentium blanditiis	2022-12-06 03:41:22.796709+02	2022-12-06 03:41:22.796709+02
91	10	aut amet sed	libero voluptate eveniet aperiam sed\nsunt placeat suscipit molestias\nsimilique fugit nam natus\nexpedita consequatur consequatur dolores quia eos et placeat	2022-12-06 03:41:22.797081+02	2022-12-06 03:41:22.797081+02
92	10	ratione ex tenetur perferendis	aut et excepturi dicta laudantium sint rerum nihil\nlaudantium et at\na neque minima officia et similique libero et\ncommodi voluptate qui	2022-12-06 03:41:22.797568+02	2022-12-06 03:41:22.797568+02
93	10	beatae soluta recusandae	dolorem quibusdam ducimus consequuntur dicta aut quo laboriosam\nvoluptatem quis enim recusandae ut sed sunt\nnostrum est odit totam\nsit error sed sunt eveniet provident qui nulla	2022-12-06 03:41:22.797929+02	2022-12-06 03:41:22.797929+02
94	10	qui qui voluptates illo iste minima	aspernatur expedita soluta quo ab ut similique\nexpedita dolores amet\nsed temporibus distinctio magnam saepe deleniti\nomnis facilis nam ipsum natus sint similique omnis	2022-12-06 03:41:22.798284+02	2022-12-06 03:41:22.798284+02
95	10	id minus libero illum nam ad officiis	earum voluptatem facere provident blanditiis velit laboriosam\npariatur accusamus odio saepe\ncumque dolor qui a dicta ab doloribus consequatur omnis\ncorporis cupiditate eaque assumenda ad nesciunt	2022-12-06 03:41:22.798655+02	2022-12-06 03:41:22.798655+02
96	10	quaerat velit veniam amet cupiditate aut numquam ut sequi	in non odio excepturi sint eum\nlabore voluptates vitae quia qui et\ninventore itaque rerum\nveniam non exercitationem delectus aut	2022-12-06 03:41:22.79904+02	2022-12-06 03:41:22.79904+02
97	10	quas fugiat ut perspiciatis vero provident	eum non blanditiis soluta porro quibusdam voluptas\nvel voluptatem qui placeat dolores qui velit aut\nvel inventore aut cumque culpa explicabo aliquid at\nperspiciatis est et voluptatem dignissimos dolor itaque sit nam	2022-12-06 03:41:22.799427+02	2022-12-06 03:41:22.799427+02
98	10	laboriosam dolor voluptates	doloremque ex facilis sit sint culpa\nsoluta assumenda eligendi non ut eius\nsequi ducimus vel quasi\nveritatis est dolores	2022-12-06 03:41:22.799791+02	2022-12-06 03:41:22.799791+02
85	9	dolore veritatis porro provident adipisci blanditiis et sunt	similique sed nisi voluptas iusto omnis\nmollitia et quo\nassumenda suscipit officia magnam sint sed tempora\nenim provident pariatur praesentium atque animi amet ratione	2021-12-06 03:41:22.794735+02	2022-12-06 03:41:22.794735+02
86	9	placeat quia et porro iste	quasi excepturi consequatur iste autem temporibus sed molestiae beatae\net quaerat et esse ut\nvoluptatem occaecati et vel explicabo autem\nasperiores pariatur deserunt optio	2022-11-06 03:41:22.795125+02	2022-12-06 03:41:22.795125+02
87	9	nostrum quis quasi placeat	eos et molestiae\nnesciunt ut a\ndolores perspiciatis repellendus repellat aliquid\nmagnam sint rem ipsum est	2022-12-05 03:41:22.795503+02	2022-12-06 03:41:22.795503+02
88	9	sapiente omnis fugit eos	consequatur omnis est praesentium\nducimus non iste\nneque hic deserunt\nvoluptatibus veniam cum et rerum sed	2020-12-06 03:41:22.795889+02	2022-12-06 03:41:22.795889+02
89	9	sint soluta et vel magnam aut ut sed qui	repellat aut aperiam totam temporibus autem et\narchitecto magnam ut\nconsequatur qui cupiditate rerum quia soluta dignissimos nihil iure\ntempore quas est	2002-12-06 03:41:22.796297+02	2022-12-06 03:41:22.796297+02
\.


--
-- TOC entry 3341 (class 0 OID 65541)
-- Dependencies: 215
-- Data for Name: users; Type: TABLE DATA; Schema: public; Owner: postgres
--

COPY public.users (id, name, username, email, phone, website, avatar, "createdAt", "updatedAt") FROM stdin;
2	Ervin Howell	Antonette	Shanna@melissa.tv	010-692-6593 x09125	anastasia.net	https://picsum.photos/id/174/200/300	2022-12-06 02:16:21.496086+02	2022-12-06 02:16:21.496086+02
10	Clementina DuBuque	Moriah.Stanton	Rey.Padberg@karina.biz	024-648-3804	ambrose.net	https://picsum.photos/id/54/200/300	2022-12-06 02:16:21.500053+02	2022-12-06 02:16:21.500053+02
1	Leanne Graham	Bret	Sincere@april.biz	1-770-736-8031 x56442	hildegard.org	https://picsum.photos/id/141/200/300	2002-12-06 02:16:21.493206+02	2022-12-06 02:16:21.493206+02
3	Clementine Bauch	Samantha	Nathan@yesenia.net	1-463-123-4447	ramiro.info	https://picsum.photos/id/48/200/300	2021-12-06 02:16:21.496819+02	2022-12-06 02:16:21.496819+02
4	Patricia Lebsack	Karianne	Julianne.OConner@kory.org	493-170-9623 x156	kale.biz	https://picsum.photos/id/168/200/300	2015-12-06 02:16:21.497311+02	2022-12-06 02:16:21.497311+02
5	Chelsey Dietrich	Kamren	Lucio_Hettinger@annie.ca	(254)954-1289	demarco.info	https://picsum.photos/id/99/200/300	2017-12-06 02:16:21.497784+02	2022-12-06 02:16:21.497784+02
6	Mrs. Dennis Schulist	Leopoldo_Corkery	Karley_Dach@jasper.info	1-477-935-8478 x6430	ola.org	https://picsum.photos/id/85/200/300	2018-12-06 02:16:21.49826+02	2022-12-06 02:16:21.49826+02
7	Kurtis Weissnat	Elwyn.Skiles	Telly.Hoeger@billy.biz	210.067.6132	elvis.io	https://picsum.photos/id/101/200/300	2019-12-06 02:16:21.498732+02	2022-12-06 02:16:21.498732+02
8	Nicholas Runolfsdottir V	Maxime_Nienow	Sherwood@rosamond.me	586.493.6943 x140	jacynthe.com	https://picsum.photos/id/194/200/300	2020-12-06 02:16:21.499194+02	2022-12-06 02:16:21.499194+02
9	Glenna Reichert	Delphine	Chaim_McDermott@dana.io	(775)976-6794 x41206	conrad.com	https://picsum.photos/id/110/200/300	2021-12-06 02:16:21.49964+02	2022-12-06 02:16:21.49964+02
\.


--
-- TOC entry 3354 (class 0 OID 0)
-- Dependencies: 218
-- Name: comments_id_seq; Type: SEQUENCE SET; Schema: public; Owner: postgres
--

SELECT pg_catalog.setval('public.comments_id_seq', 115, true);


--
-- TOC entry 3355 (class 0 OID 0)
-- Dependencies: 216
-- Name: posts_id_seq; Type: SEQUENCE SET; Schema: public; Owner: postgres
--

SELECT pg_catalog.setval('public.posts_id_seq', 1, false);


--
-- TOC entry 3356 (class 0 OID 0)
-- Dependencies: 214
-- Name: users_id_seq; Type: SEQUENCE SET; Schema: public; Owner: postgres
--

SELECT pg_catalog.setval('public.users_id_seq', 20, true);


--
-- TOC entry 3197 (class 2606 OID 81928)
-- Name: comments comments_pkey; Type: CONSTRAINT; Schema: public; Owner: postgres
--

ALTER TABLE ONLY public.comments
    ADD CONSTRAINT comments_pkey PRIMARY KEY (id);


--
-- TOC entry 3195 (class 2606 OID 73738)
-- Name: posts posts_pkey; Type: CONSTRAINT; Schema: public; Owner: postgres
--

ALTER TABLE ONLY public.posts
    ADD CONSTRAINT posts_pkey PRIMARY KEY (id);


--
-- TOC entry 3193 (class 2606 OID 65548)
-- Name: users users_pkey; Type: CONSTRAINT; Schema: public; Owner: postgres
--

ALTER TABLE ONLY public.users
    ADD CONSTRAINT users_pkey PRIMARY KEY (id);


-- Completed on 2022-12-22 12:45:23

--
-- PostgreSQL database dump complete
--

